Domain,Status,Attractiveness,Demand,Length,Sectors,Created,Expires,Registrar
second.management,available,120,23%,6,"General,Mathematics",,,
flat.management,resell,116,24%,4,"Construction,Real Estate",21/10/2024 19:06,21/10/2025 19:06,"Sav.com, LLC"
tenth.management,available,116,7%,5,Mathematics,,,
eight.management,available,102,23%,5,"General,Mathematics",,,
crack.management,available,100,20%,5,Sports,,,
third.management,available,100,16%,5,Mathematics,,,
eighth.management,available,100,6%,6,Mathematics,,,
ninth.management,available,100,9%,5,Mathematics,,,
sixth.management,available,100,8%,5,Mathematics,,,
nought.management,available,92,4%,6,Mathematics,,,
twentieth.management,available,92,3%,9,Mathematics,,,
leash.management,available,90,7%,5,"General,Health and Fitness,Retail",,,
hundred.management,available,88,14%,7,Mathematics,,,
ten.management,available,88,28%,3,"General,Mathematics",,,
ace.management,expiring,88,34%,3,Sports,04/09/2023 13:53,04/09/2025 13:53,OVH SAS
fifteen.management,available,88,13%,7,Mathematics,,,
twelve.management,available,88,18%,6,"General,Mathematics",,,
sixteen.management,available,88,11%,7,Mathematics,,,
three.management,available,88,24%,5,Mathematics,,,
xiv.management,available,86,12%,3,Mathematics,,,
xix.management,available,86,11%,3,Mathematics,,,
thirteen.management,available,84,10%,8,Mathematics,,,
twentyone.management,resell,84,13%,10,Mathematics,12/02/2020 02:27,12/02/2026 02:27,"GoDaddy.com, LLC"
thousand.management,available,84,8%,8,Mathematics,,,
grand.management,available,84,25%,5,"Finance,General",,,
fourteen.management,available,84,8%,8,Mathematics,,,
seventeen.management,available,84,7%,9,Mathematics,,,
twentytwo.management,available,84,11%,10,Mathematics,,,
nineteen.management,available,84,8%,8,Mathematics,,,
decade.management,available,82,10%,6,Mathematics,,,
fivesome.management,available,82,1%,8,Sports,,,
dozen.management,available,82,10%,5,Mathematics,,,
trio.management,available,80,21%,4,Entertainment,,,
forty.management,available,80,9%,5,Mathematics,,,
seventh.management,available,80,10%,7,Mathematics,,,
twenty.management,available,80,12%,6,Mathematics,,,
two.management,available,80,24%,3,Mathematics,,,
nine.management,available,80,24%,4,"General,Mathematics",,,
twentysix.management,available,78,8%,10,Mathematics,,,
sixtynine.management,available,78,8%,10,Mathematics,,,
fifteenth.management,available,76,2%,9,Mathematics,,,
hundredth.management,available,76,1%,9,Mathematics,,,
fourteenth.management,available,76,1%,10,Mathematics,,,
eighteen.management,available,76,7%,8,Mathematics,,,
nineteenth.management,available,76,3%,10,Mathematics,,,
threed.management,available,76,7%,7,Technology,,,
firstrate.management,available,76,6%,10,Business,,,
thousandth.management,available,76,1%,10,Mathematics,,,
thirteenth.management,available,76,4%,10,Mathematics,,,
single.management,available,74,19%,6,Sports,,,
trinity.management,available,72,18%,7,Religion,,,
seventieth.management,available,72,1%,10,Mathematics,,,
sixtieth.management,available,72,1%,8,Mathematics,,,
ninetieth.management,available,72,1%,9,Mathematics,,,
ternary.management,available,72,7%,7,Mathematics,,,
trey.management,available,72,14%,4,Sports,,,
eightieth.management,available,72,1%,9,Mathematics,,,
unity.management,resell,70,40%,5,Mathematics,21/10/2024 20:44,21/10/2025 20:44,"Sav.com, LLC"
tiptop.management,available,70,24%,6,Fashion,,,
foursome.management,available,68,4%,8,Sports,,,
threesome.management,available,68,5%,9,Entertainment,,,
sevener.management,available,68,1%,7,Mathematics,,,
octonary.management,available,68,1%,8,Mathematics,,,
septenary.management,available,68,1%,9,Mathematics,,,
ane.management,available,68,12%,3,Mathematics,,,
fiftieth.management,available,68,0%,8,Mathematics,,,
fortieth.management,available,68,0%,8,Mathematics,,,
ennead.management,available,68,5%,6,Mathematics,,,
thirtieth.management,available,68,1%,9,Mathematics,,,
xii.management,available,66,10%,3,Mathematics,,,
xxvi.management,available,66,3%,4,Mathematics,,,
xxi.management,available,66,10%,3,Mathematics,,,
xiii.management,available,66,9%,4,Mathematics,,,
ninety.management,available,66,11%,6,Mathematics,,,
fifty.management,available,66,12%,5,Mathematics,,,
tenner.management,available,66,5%,6,Finance,,,
xvi.management,available,66,5%,3,Mathematics,,,
latest.management,available,66,18%,6,Technology,,,
xviii.management,available,66,5%,5,Mathematics,,,
six.management,available,66,26%,3,Mathematics,,,
onec.management,available,66,6%,5,Mathematics,,,
acappella.management,available,66,6%,10,Entertainment,,,
thirty.management,available,66,8%,6,Mathematics,,,
xvii.management,available,66,5%,4,Mathematics,,,
xxv.management,available,66,6%,3,Mathematics,,,
clv.management,available,66,10%,3,Mathematics,,,
sextet.management,available,66,1%,6,Entertainment,,,
eighty.management,available,66,6%,6,Mathematics,,,
xxii.management,available,66,6%,4,Mathematics,,,
deuce.management,available,66,9%,5,Sports,,,
troika.management,available,62,8%,6,Politics,,,
fortyfour.management,available,62,6%,10,Mathematics,,,
longdozen.management,available,62,2%,10,Mathematics,,,
eleventh.management,available,62,5%,8,Mathematics,,,
quartet.management,available,62,7%,7,"Arts,Entertainment",,,
eighteenth.management,available,62,1%,10,Mathematics,,,
chiliad.management,available,62,2%,7,Mathematics,,,
sixteenth.management,available,62,1%,9,Mathematics,,,
twodozen.management,available,62,1%,9,Mathematics,,,
clxx.management,available,60,3%,4,Mathematics,,,
cxxx.management,available,60,4%,4,Mathematics,,,
clx.management,available,60,10%,3,Mathematics,,,
clxxx.management,available,60,1%,5,Mathematics,,,
eightysix.management,available,60,7%,10,Mathematics,,,
tertiary.management,available,60,4%,8,Education,,,
thou.management,available,60,7%,4,Mathematics,,,
cxlv.management,available,60,2%,4,Mathematics,,,
cxx.management,available,60,10%,3,Mathematics,,,
cxxxv.management,available,60,2%,5,Mathematics,,,
cxv.management,available,60,4%,3,Mathematics,,,
cxl.management,available,60,7%,3,Mathematics,,,
xcl.management,available,60,5%,3,Mathematics,,,
clxv.management,available,60,1%,4,Mathematics,,,
cxxv.management,available,60,1%,4,Mathematics,,,
sixty.management,available,60,13%,5,Mathematics,,,
clxxv.management,available,60,1%,5,Mathematics,,,
hexad.management,available,58,4%,5,Mathematics,,,
tetrad.management,available,58,5%,6,Mathematics,,,
pentad.management,available,58,2%,6,Mathematics,,,
sixer.management,available,58,5%,5,Sports,,,
sextuplet.management,available,58,1%,9,Healthcare,,,
twelfth.management,available,58,2%,7,Mathematics,,,
fifth.management,available,58,12%,5,Mathematics,,,
fourscore.management,available,58,4%,9,Mathematics,,,
niner.management,available,58,5%,5,Mathematics,,,
eighter.management,available,58,2%,7,Mathematics,,,
lxxx.management,available,58,2%,4,Mathematics,,,
centesimal.management,available,58,1%,10,Mathematics,,,
fourth.management,available,58,13%,6,Mathematics,,,
octad.management,available,58,5%,5,Mathematics,,,
seven.management,available,58,36%,5,Mathematics,,,
sixtyone.management,available,58,3%,9,Mathematics,,,
seventy.management,available,58,7%,7,Mathematics,,,
heptad.management,available,58,1%,6,Mathematics,,,
xlvi.management,available,56,3%,4,Mathematics,,,
xxxi.management,available,56,9%,4,Mathematics,,,
xliii.management,available,56,1%,5,Mathematics,,,
xliv.management,available,56,2%,4,Mathematics,,,
halfdozen.management,available,56,1%,10,Mathematics,,,
xxviii.management,available,56,1%,6,Mathematics,,,
xlvii.management,available,56,2%,5,Mathematics,,,
fiftynine.management,available,56,4%,10,Mathematics,,,
fiftyfive.management,available,56,7%,10,Mathematics,,,
xxiii.management,available,56,5%,5,Mathematics,,,
lvii.management,available,56,1%,4,Mathematics,,,
thirtyone.management,available,56,5%,10,Mathematics,,,
fortyone.management,available,56,4%,9,Mathematics,,,
aone.management,available,56,15%,5,Food and Beverage,,,
xlv.management,available,56,6%,3,Mathematics,,,
xxxvi.management,available,56,1%,5,Mathematics,,,
xxxii.management,available,56,1%,5,Mathematics,,,
fiftyone.management,available,56,7%,9,Mathematics,,,
xxix.management,available,56,4%,4,Mathematics,,,
lviii.management,available,56,1%,5,Mathematics,,,
fiftysix.management,available,56,4%,9,Mathematics,,,
xxxvii.management,available,56,2%,6,Mathematics,,,
fortytwo.management,available,56,17%,9,Mathematics,,,
lvi.management,available,56,8%,3,Mathematics,,,
xxxiii.management,available,56,2%,6,Mathematics,,,
xli.management,available,56,5%,3,Mathematics,,,
xxxviii.management,available,56,1%,7,Mathematics,,,
thirtytwo.management,available,56,5%,10,Mathematics,,,
thirtysix.management,available,56,5%,10,Mathematics,,,
xxvii.management,available,56,3%,5,Mathematics,,,
xlii.management,available,56,5%,4,Mathematics,,,
fiftytwo.management,available,56,6%,9,Mathematics,,,
fiftyfour.management,available,56,3%,10,Mathematics,,,
xxiv.management,available,56,5%,4,Mathematics,,,
fortysix.management,available,56,3%,9,Mathematics,,,
fortynine.management,available,56,3%,10,Mathematics,,,
lii.management,available,56,7%,3,Mathematics,,,
xxxiv.management,available,56,1%,5,Mathematics,,,
ilx.management,available,56,5%,3,Mathematics,,,
liii.management,available,56,4%,4,Mathematics,,,
xlviii.management,available,56,1%,6,Mathematics,,,
xxxv.management,available,56,4%,4,Mathematics,,,
threescore.management,available,54,1%,10,Mathematics,,,
vii.management,available,54,13%,3,Mathematics,,,
viii.management,available,54,6%,4,Mathematics,,,
quaternity.management,available,54,4%,10,Mathematics,,,
deuceace.management,available,54,2%,9,Sports,,,
topnotch.management,available,54,18%,8,Business,,,
twoscore.management,available,54,2%,8,Mathematics,,,
quatern.management,available,54,2%,7,Mathematics,,,
fortyfive.management,available,54,4%,10,Mathematics,,,
quaternion.management,available,54,6%,10,Mathematics,,,
lxxvii.management,available,52,2%,6,Mathematics,,,
lxxxv.management,available,52,1%,5,Mathematics,,,
sixtytwo.management,available,52,3%,9,Mathematics,,,
lxvii.management,available,52,1%,5,Mathematics,,,
eightytwo.management,available,52,4%,10,Mathematics,,,
lxxi.management,available,52,1%,4,Mathematics,,,
lxiii.management,available,52,2%,5,Mathematics,,,
ixl.management,available,52,9%,3,Mathematics,,,
lxxxvi.management,available,52,1%,6,Mathematics,,,
lxi.management,available,52,5%,3,Mathematics,,,
sixtyfour.management,available,52,3%,10,Mathematics,,,
xcviii.management,available,52,1%,6,Mathematics,,,
lxxvi.management,available,52,1%,5,Mathematics,,,
xcv.management,available,52,7%,3,Mathematics,,,
lxxxvii.management,available,52,1%,7,Mathematics,,,
xci.management,available,52,4%,3,Mathematics,,,
eightyone.management,available,52,3%,10,Mathematics,,,
lxxiv.management,available,52,1%,5,Mathematics,,,
ninetyone.management,available,52,5%,10,Mathematics,,,
ninetytwo.management,available,52,4%,10,Mathematics,,,
lxv.management,available,52,5%,3,Mathematics,,,
lxvi.management,available,52,3%,4,Mathematics,,,
sixtyfive.management,available,52,3%,10,Mathematics,,,
xcvii.management,available,52,1%,5,Mathematics,,,
lxxii.management,available,52,1%,5,Mathematics,,,
lxxxiv.management,available,52,1%,6,Mathematics,,,
lxii.management,available,52,1%,4,Mathematics,,,
lxxxii.management,available,52,1%,6,Mathematics,,,
xcvi.management,available,52,2%,4,Mathematics,,,
lxxxi.management,available,52,1%,5,Mathematics,,,
xciv.management,available,52,2%,4,Mathematics,,,
lxxiii.management,available,52,1%,6,Mathematics,,,
xciii.management,available,52,1%,5,Mathematics,,,
xcii.management,available,52,2%,4,Mathematics,,,
lxviii.management,available,52,1%,6,Mathematics,,,
ninetysix.management,available,52,4%,10,Mathematics,,,
lxxxiii.management,available,52,1%,7,Mathematics,,,
ixc.management,available,52,5%,3,Mathematics,,,
lxxv.management,available,52,1%,4,Mathematics,,,
lxiv.management,available,52,3%,4,Mathematics,,,
sixtysix.management,available,52,4%,9,Mathematics,,,
triplet.management,available,50,8%,7,Science,,,
lxx.management,available,50,5%,3,Mathematics,,,
ogdoad.management,available,50,1%,6,Mathematics,,,
cinque.management,available,50,7%,6,Mathematics,,,
lxxxviii.management,available,48,1%,8,Mathematics,,,
quaternary.management,available,46,3%,10,Mathematics,,,